seq,initial_released,stage,timestamp,entity_id,source_entity,target_entity,event_type,behavior_class,login_hour,process_name,network_bytes,dns_query,setpoint_value,setpoint_low,setpoint_high,mitre_technique,mitre_phase,description,anomalous
1,1,0,2026-07-10T09:18:30.038719+00:00,AuthServer-03,,AuthServer-03,normal_login,login_time,9.03,,,,,,,,,Normal shift login,0
2,1,0,2026-07-10T12:00:23.558657+00:00,AuthServer-03,,AuthServer-03,normal_login,login_time,11.22,,,,,,,,,Normal shift login,0
3,1,0,2026-07-10T10:14:36.118155+00:00,AuthServer-03,,AuthServer-03,normal_login,login_time,9.68,,,,,,,,,Normal shift login,0
4,1,0,2026-07-10T09:37:25.773045+00:00,AuthServer-03,,AuthServer-03,normal_login,login_time,9.59,,,,,,,,,Normal shift login,0
5,1,0,2026-07-10T08:19:37.302864+00:00,AuthServer-03,,AuthServer-03,normal_login,login_time,8.09,,,,,,,,,Normal shift login,0
6,1,0,2026-07-11T09:18:40.482227+00:00,AuthServer-03,,AuthServer-03,normal_login,login_time,8.56,,,,,,,,,Normal shift login,0
7,1,0,2026-07-11T16:50:13.586239+00:00,AuthServer-03,,AuthServer-03,normal_login,login_time,16.22,,,,,,,,,Normal shift login,0
8,1,0,2026-07-11T14:48:33.949644+00:00,AuthServer-03,,AuthServer-03,normal_login,login_time,14.81,,,,,,,,,Normal shift login,0
9,1,0,2026-07-11T11:02:53.301822+00:00,AuthServer-03,,AuthServer-03,normal_login,login_time,10.7,,,,,,,,,Normal shift login,0
10,1,0,2026-07-11T14:57:19.726199+00:00,AuthServer-03,,AuthServer-03,normal_login,login_time,14.16,,,,,,,,,Normal shift login,0
11,1,0,2026-07-12T15:30:07.956995+00:00,AuthServer-03,,AuthServer-03,normal_login,login_time,15.1,,,,,,,,,Normal shift login,0
12,1,0,2026-07-12T09:43:32.325770+00:00,AuthServer-03,,AuthServer-03,normal_login,login_time,9.36,,,,,,,,,Normal shift login,0
13,1,0,2026-07-12T15:34:25.661784+00:00,AuthServer-03,,AuthServer-03,normal_login,login_time,14.81,,,,,,,,,Normal shift login,0
14,1,0,2026-07-12T17:56:10.421129+00:00,AuthServer-03,,AuthServer-03,normal_login,login_time,17.54,,,,,,,,,Normal shift login,0
15,1,0,2026-07-12T10:13:07.346273+00:00,AuthServer-03,,AuthServer-03,normal_login,login_time,9.55,,,,,,,,,Normal shift login,0
16,1,0,2026-07-13T16:19:38.467723+00:00,AuthServer-03,,AuthServer-03,normal_login,login_time,15.58,,,,,,,,,Normal shift login,0
17,1,0,2026-07-13T09:16:44.967781+00:00,AuthServer-03,,AuthServer-03,normal_login,login_time,9.05,,,,,,,,,Normal shift login,0
18,1,0,2026-07-13T15:13:06.797474+00:00,AuthServer-03,,AuthServer-03,normal_login,login_time,14.99,,,,,,,,,Normal shift login,0
19,1,0,2026-07-13T09:51:48.454410+00:00,AuthServer-03,,AuthServer-03,normal_login,login_time,9.38,,,,,,,,,Normal shift login,0
20,1,0,2026-07-13T15:31:45.554750+00:00,AuthServer-03,,AuthServer-03,normal_login,login_time,15.16,,,,,,,,,Normal shift login,0
21,1,0,2026-07-14T12:24:12.630628+00:00,AuthServer-03,,AuthServer-03,normal_login,login_time,11.67,,,,,,,,,Normal shift login,0
22,1,0,2026-07-14T09:46:32.871620+00:00,AuthServer-03,,AuthServer-03,normal_login,login_time,9.61,,,,,,,,,Normal shift login,0
23,1,0,2026-07-14T11:33:48.248978+00:00,AuthServer-03,,AuthServer-03,normal_login,login_time,11.16,,,,,,,,,Normal shift login,0
24,1,0,2026-07-14T15:39:22.284062+00:00,AuthServer-03,,AuthServer-03,normal_login,login_time,14.99,,,,,,,,,Normal shift login,0
25,1,0,2026-07-14T12:30:04.611304+00:00,AuthServer-03,,AuthServer-03,normal_login,login_time,11.68,,,,,,,,,Normal shift login,0
26,1,0,2026-07-10T00:03:00+00:00,AuthServer-03,,AuthServer-03,normal_process,process_rarity,,kerberos.exe,,,,,,,,Common process observed,0
27,1,0,2026-07-10T03:02:00+00:00,AuthServer-03,,AuthServer-03,normal_process,process_rarity,,svchost.exe,,,,,,,,Common process observed,0
28,1,0,2026-07-10T06:25:00+00:00,AuthServer-03,,AuthServer-03,normal_process,process_rarity,,svchost.exe,,,,,,,,Common process observed,0
29,1,0,2026-07-10T09:04:00+00:00,AuthServer-03,,AuthServer-03,normal_process,process_rarity,,kerberos.exe,,,,,,,,Common process observed,0
30,1,0,2026-07-10T12:36:00+00:00,AuthServer-03,,AuthServer-03,normal_process,process_rarity,,svchost.exe,,,,,,,,Common process observed,0
31,1,0,2026-07-10T15:13:00+00:00,AuthServer-03,,AuthServer-03,normal_process,process_rarity,,authsync.exe,,,,,,,,Common process observed,0
32,1,0,2026-07-10T18:25:00+00:00,AuthServer-03,,AuthServer-03,normal_process,process_rarity,,authsync.exe,,,,,,,,Common process observed,0
33,1,0,2026-07-10T21:09:00+00:00,AuthServer-03,,AuthServer-03,normal_process,process_rarity,,svchost.exe,,,,,,,,Common process observed,0
34,1,0,2026-07-11T00:08:00+00:00,AuthServer-03,,AuthServer-03,normal_process,process_rarity,,kerberos.exe,,,,,,,,Common process observed,0
35,1,0,2026-07-11T03:35:00+00:00,AuthServer-03,,AuthServer-03,normal_process,process_rarity,,svchost.exe,,,,,,,,Common process observed,0
36,1,0,2026-07-11T06:37:00+00:00,AuthServer-03,,AuthServer-03,normal_process,process_rarity,,authsync.exe,,,,,,,,Common process observed,0
37,1,0,2026-07-11T09:37:00+00:00,AuthServer-03,,AuthServer-03,normal_process,process_rarity,,authsync.exe,,,,,,,,Common process observed,0
38,1,0,2026-07-11T12:23:00+00:00,AuthServer-03,,AuthServer-03,normal_process,process_rarity,,kerberos.exe,,,,,,,,Common process observed,0
39,1,0,2026-07-11T15:08:00+00:00,AuthServer-03,,AuthServer-03,normal_process,process_rarity,,authsync.exe,,,,,,,,Common process observed,0
40,1,0,2026-07-11T18:05:00+00:00,AuthServer-03,,AuthServer-03,normal_process,process_rarity,,lsass.exe,,,,,,,,Common process observed,0
41,1,0,2026-07-11T21:07:00+00:00,AuthServer-03,,AuthServer-03,normal_process,process_rarity,,kerberos.exe,,,,,,,,Common process observed,0
42,1,0,2026-07-12T00:40:00+00:00,AuthServer-03,,AuthServer-03,normal_process,process_rarity,,kerberos.exe,,,,,,,,Common process observed,0
43,1,0,2026-07-12T03:27:00+00:00,AuthServer-03,,AuthServer-03,normal_process,process_rarity,,lsass.exe,,,,,,,,Common process observed,0
44,1,0,2026-07-12T06:24:00+00:00,AuthServer-03,,AuthServer-03,normal_process,process_rarity,,authsync.exe,,,,,,,,Common process observed,0
45,1,0,2026-07-12T09:38:00+00:00,AuthServer-03,,AuthServer-03,normal_process,process_rarity,,authsync.exe,,,,,,,,Common process observed,0
46,1,0,2026-07-12T12:33:00+00:00,AuthServer-03,,AuthServer-03,normal_process,process_rarity,,svchost.exe,,,,,,,,Common process observed,0
47,1,0,2026-07-12T15:35:00+00:00,AuthServer-03,,AuthServer-03,normal_process,process_rarity,,lsass.exe,,,,,,,,Common process observed,0
48,1,0,2026-07-12T18:07:00+00:00,AuthServer-03,,AuthServer-03,normal_process,process_rarity,,svchost.exe,,,,,,,,Common process observed,0
49,1,0,2026-07-12T21:21:00+00:00,AuthServer-03,,AuthServer-03,normal_process,process_rarity,,lsass.exe,,,,,,,,Common process observed,0
50,1,0,2026-07-13T00:18:00+00:00,AuthServer-03,,AuthServer-03,normal_process,process_rarity,,authsync.exe,,,,,,,,Common process observed,0
51,1,0,2026-07-13T03:10:00+00:00,AuthServer-03,,AuthServer-03,normal_process,process_rarity,,authsync.exe,,,,,,,,Common process observed,0
52,1,0,2026-07-13T06:00:00+00:00,AuthServer-03,,AuthServer-03,normal_process,process_rarity,,svchost.exe,,,,,,,,Common process observed,0
53,1,0,2026-07-13T09:32:00+00:00,AuthServer-03,,AuthServer-03,normal_process,process_rarity,,kerberos.exe,,,,,,,,Common process observed,0
54,1,0,2026-07-13T12:32:00+00:00,AuthServer-03,,AuthServer-03,normal_process,process_rarity,,lsass.exe,,,,,,,,Common process observed,0
55,1,0,2026-07-13T15:40:00+00:00,AuthServer-03,,AuthServer-03,normal_process,process_rarity,,svchost.exe,,,,,,,,Common process observed,0
56,1,0,2026-07-13T18:40:00+00:00,AuthServer-03,,AuthServer-03,normal_process,process_rarity,,kerberos.exe,,,,,,,,Common process observed,0
57,1,0,2026-07-13T21:09:00+00:00,AuthServer-03,,AuthServer-03,normal_process,process_rarity,,svchost.exe,,,,,,,,Common process observed,0
58,1,0,2026-07-14T00:10:00+00:00,AuthServer-03,,AuthServer-03,normal_process,process_rarity,,lsass.exe,,,,,,,,Common process observed,0
59,1,0,2026-07-14T03:38:00+00:00,AuthServer-03,,AuthServer-03,normal_process,process_rarity,,svchost.exe,,,,,,,,Common process observed,0
60,1,0,2026-07-14T06:31:00+00:00,AuthServer-03,,AuthServer-03,normal_process,process_rarity,,lsass.exe,,,,,,,,Common process observed,0
61,1,0,2026-07-14T09:07:00+00:00,AuthServer-03,,AuthServer-03,normal_process,process_rarity,,svchost.exe,,,,,,,,Common process observed,0
62,1,0,2026-07-14T12:19:00+00:00,AuthServer-03,,AuthServer-03,normal_process,process_rarity,,kerberos.exe,,,,,,,,Common process observed,0
63,1,0,2026-07-14T15:03:00+00:00,AuthServer-03,,AuthServer-03,normal_process,process_rarity,,kerberos.exe,,,,,,,,Common process observed,0
64,1,0,2026-07-14T18:36:00+00:00,AuthServer-03,,AuthServer-03,normal_process,process_rarity,,lsass.exe,,,,,,,,Common process observed,0
65,1,0,2026-07-14T21:05:00+00:00,AuthServer-03,,AuthServer-03,normal_process,process_rarity,,authsync.exe,,,,,,,,Common process observed,0
66,1,0,2026-07-10T00:04:00+00:00,AuthServer-03,,AuthServer-03,normal_flow,network_flow,,,292761.1252135163,,,,,,,Baseline east-west traffic,0
67,1,0,2026-07-10T04:08:00+00:00,AuthServer-03,,AuthServer-03,normal_flow,network_flow,,,244046.94208454632,,,,,,,Baseline east-west traffic,0
68,1,0,2026-07-10T08:08:00+00:00,AuthServer-03,,AuthServer-03,normal_flow,network_flow,,,204453.77293329182,,,,,,,Baseline east-west traffic,0
69,1,0,2026-07-10T12:10:00+00:00,AuthServer-03,,AuthServer-03,normal_flow,network_flow,,,178478.38496468094,,,,,,,Baseline east-west traffic,0
70,1,0,2026-07-10T16:16:00+00:00,AuthServer-03,,AuthServer-03,normal_flow,network_flow,,,202912.5694410171,,,,,,,Baseline east-west traffic,0
71,1,0,2026-07-10T20:13:00+00:00,AuthServer-03,,AuthServer-03,normal_flow,network_flow,,,241728.93494668743,,,,,,,Baseline east-west traffic,0
72,1,0,2026-07-11T00:34:00+00:00,AuthServer-03,,AuthServer-03,normal_flow,network_flow,,,251771.46059404648,,,,,,,Baseline east-west traffic,0
73,1,0,2026-07-11T04:19:00+00:00,AuthServer-03,,AuthServer-03,normal_flow,network_flow,,,196472.303226067,,,,,,,Baseline east-west traffic,0
74,1,0,2026-07-11T08:25:00+00:00,AuthServer-03,,AuthServer-03,normal_flow,network_flow,,,300683.55903898354,,,,,,,Baseline east-west traffic,0
75,1,0,2026-07-11T12:28:00+00:00,AuthServer-03,,AuthServer-03,normal_flow,network_flow,,,248454.81382847557,,,,,,,Baseline east-west traffic,0
76,1,0,2026-07-11T16:33:00+00:00,AuthServer-03,,AuthServer-03,normal_flow,network_flow,,,224798.44378645023,,,,,,,Baseline east-west traffic,0
77,1,0,2026-07-11T20:04:00+00:00,AuthServer-03,,AuthServer-03,normal_flow,network_flow,,,257929.09294138744,,,,,,,Baseline east-west traffic,0
78,1,0,2026-07-12T00:21:00+00:00,AuthServer-03,,AuthServer-03,normal_flow,network_flow,,,294084.4974087803,,,,,,,Baseline east-west traffic,0
79,1,0,2026-07-12T04:37:00+00:00,AuthServer-03,,AuthServer-03,normal_flow,network_flow,,,255860.46315630144,,,,,,,Baseline east-west traffic,0
80,1,0,2026-07-12T08:14:00+00:00,AuthServer-03,,AuthServer-03,normal_flow,network_flow,,,304849.5189641811,,,,,,,Baseline east-west traffic,0
81,1,0,2026-07-12T12:03:00+00:00,AuthServer-03,,AuthServer-03,normal_flow,network_flow,,,252479.8642809678,,,,,,,Baseline east-west traffic,0
82,1,0,2026-07-12T16:14:00+00:00,AuthServer-03,,AuthServer-03,normal_flow,network_flow,,,258061.7043235651,,,,,,,Baseline east-west traffic,0
83,1,0,2026-07-12T20:21:00+00:00,AuthServer-03,,AuthServer-03,normal_flow,network_flow,,,253633.92282659787,,,,,,,Baseline east-west traffic,0
84,1,0,2026-07-13T00:04:00+00:00,AuthServer-03,,AuthServer-03,normal_flow,network_flow,,,221833.54437580594,,,,,,,Baseline east-west traffic,0
85,1,0,2026-07-13T04:31:00+00:00,AuthServer-03,,AuthServer-03,normal_flow,network_flow,,,247488.0921919678,,,,,,,Baseline east-west traffic,0
86,1,0,2026-07-13T08:13:00+00:00,AuthServer-03,,AuthServer-03,normal_flow,network_flow,,,195586.73165456805,,,,,,,Baseline east-west traffic,0
87,1,0,2026-07-13T12:36:00+00:00,AuthServer-03,,AuthServer-03,normal_flow,network_flow,,,236307.88109847836,,,,,,,Baseline east-west traffic,0
88,1,0,2026-07-13T16:36:00+00:00,AuthServer-03,,AuthServer-03,normal_flow,network_flow,,,189570.05807612243,,,,,,,Baseline east-west traffic,0
89,1,0,2026-07-13T20:26:00+00:00,AuthServer-03,,AuthServer-03,normal_flow,network_flow,,,260479.81032757543,,,,,,,Baseline east-west traffic,0
90,1,0,2026-07-14T00:12:00+00:00,AuthServer-03,,AuthServer-03,normal_flow,network_flow,,,292583.9274881623,,,,,,,Baseline east-west traffic,0
91,1,0,2026-07-14T04:22:00+00:00,AuthServer-03,,AuthServer-03,normal_flow,network_flow,,,278677.0560996457,,,,,,,Baseline east-west traffic,0
92,1,0,2026-07-14T08:27:00+00:00,AuthServer-03,,AuthServer-03,normal_flow,network_flow,,,190729.27677766673,,,,,,,Baseline east-west traffic,0
93,1,0,2026-07-14T12:03:00+00:00,AuthServer-03,,AuthServer-03,normal_flow,network_flow,,,287041.0335405627,,,,,,,Baseline east-west traffic,0
94,1,0,2026-07-14T16:06:00+00:00,AuthServer-03,,AuthServer-03,normal_flow,network_flow,,,302447.4789703866,,,,,,,Baseline east-west traffic,0
95,1,0,2026-07-14T20:06:00+00:00,AuthServer-03,,AuthServer-03,normal_flow,network_flow,,,270999.3319646384,,,,,,,Baseline east-west traffic,0
96,1,0,2026-07-10T00:15:00+00:00,AuthServer-03,,AuthServer-03,normal_dns,dns_entropy,,,,gridwest.internal,,,,,,Normal DNS lookup,0
97,1,0,2026-07-10T10:12:00+00:00,AuthServer-03,,AuthServer-03,normal_dns,dns_entropy,,,,time.windows.com,,,,,,Normal DNS lookup,0
98,1,0,2026-07-10T20:08:00+00:00,AuthServer-03,,AuthServer-03,normal_dns,dns_entropy,,,,time.windows.com,,,,,,Normal DNS lookup,0
99,1,0,2026-07-11T06:11:00+00:00,AuthServer-03,,AuthServer-03,normal_dns,dns_entropy,,,,vendor-updates.net,,,,,,Normal DNS lookup,0
100,1,0,2026-07-11T16:29:00+00:00,AuthServer-03,,AuthServer-03,normal_dns,dns_entropy,,,,gridwest.internal,,,,,,Normal DNS lookup,0
101,1,0,2026-07-12T02:04:00+00:00,AuthServer-03,,AuthServer-03,normal_dns,dns_entropy,,,,time.windows.com,,,,,,Normal DNS lookup,0
102,1,0,2026-07-12T12:35:00+00:00,AuthServer-03,,AuthServer-03,normal_dns,dns_entropy,,,,corp.local,,,,,,Normal DNS lookup,0
103,1,0,2026-07-12T22:03:00+00:00,AuthServer-03,,AuthServer-03,normal_dns,dns_entropy,,,,corp.local,,,,,,Normal DNS lookup,0
104,1,0,2026-07-13T08:05:00+00:00,AuthServer-03,,AuthServer-03,normal_dns,dns_entropy,,,,gridwest.internal,,,,,,Normal DNS lookup,0
105,1,0,2026-07-13T18:10:00+00:00,AuthServer-03,,AuthServer-03,normal_dns,dns_entropy,,,,time.windows.com,,,,,,Normal DNS lookup,0
106,1,0,2026-07-10T17:53:52.890305+00:00,API-Gateway-01,,API-Gateway-01,normal_login,login_time,17.48,,,,,,,,,Normal shift login,0
107,1,0,2026-07-10T08:09:52.693637+00:00,API-Gateway-01,,API-Gateway-01,normal_login,login_time,8.16,,,,,,,,,Normal shift login,0
108,1,0,2026-07-10T17:05:54.731009+00:00,API-Gateway-01,,API-Gateway-01,normal_login,login_time,16.27,,,,,,,,,Normal shift login,0
109,1,0,2026-07-10T18:01:06.897224+00:00,API-Gateway-01,,API-Gateway-01,normal_login,login_time,17.29,,,,,,,,,Normal shift login,0
110,1,0,2026-07-10T17:27:17.268571+00:00,API-Gateway-01,,API-Gateway-01,normal_login,login_time,17.15,,,,,,,,,Normal shift login,0
111,1,0,2026-07-11T12:35:07.353714+00:00,API-Gateway-01,,API-Gateway-01,normal_login,login_time,11.97,,,,,,,,,Normal shift login,0
112,1,0,2026-07-11T08:47:52.712017+00:00,API-Gateway-01,,API-Gateway-01,normal_login,login_time,8.75,,,,,,,,,Normal shift login,0
113,1,0,2026-07-11T09:07:03.039340+00:00,API-Gateway-01,,API-Gateway-01,normal_login,login_time,8.58,,,,,,,,,Normal shift login,0
114,1,0,2026-07-11T10:35:24.766487+00:00,API-Gateway-01,,API-Gateway-01,normal_login,login_time,10.06,,,,,,,,,Normal shift login,0
115,1,0,2026-07-11T09:55:04.833163+00:00,API-Gateway-01,,API-Gateway-01,normal_login,login_time,9.85,,,,,,,,,Normal shift login,0
116,1,0,2026-07-12T09:55:30.765193+00:00,API-Gateway-01,,API-Gateway-01,normal_login,login_time,9.68,,,,,,,,,Normal shift login,0
117,1,0,2026-07-12T16:43:11.591810+00:00,API-Gateway-01,,API-Gateway-01,normal_login,login_time,16.12,,,,,,,,,Normal shift login,0
118,1,0,2026-07-12T11:36:44.108607+00:00,API-Gateway-01,,API-Gateway-01,normal_login,login_time,11.58,,,,,,,,,Normal shift login,0
119,1,0,2026-07-12T10:02:09.209695+00:00,API-Gateway-01,,API-Gateway-01,normal_login,login_time,9.42,,,,,,,,,Normal shift login,0
120,1,0,2026-07-12T16:09:04.942528+00:00,API-Gateway-01,,API-Gateway-01,normal_login,login_time,15.93,,,,,,,,,Normal shift login,0
121,1,0,2026-07-13T15:39:19.269429+00:00,API-Gateway-01,,API-Gateway-01,normal_login,login_time,15.24,,,,,,,,,Normal shift login,0
122,1,0,2026-07-13T10:59:18.084803+00:00,API-Gateway-01,,API-Gateway-01,normal_login,login_time,10.67,,,,,,,,,Normal shift login,0
123,1,0,2026-07-13T18:06:58.237907+00:00,API-Gateway-01,,API-Gateway-01,normal_login,login_time,17.32,,,,,,,,,Normal shift login,0
124,1,0,2026-07-13T09:39:33.535645+00:00,API-Gateway-01,,API-Gateway-01,normal_login,login_time,9.01,,,,,,,,,Normal shift login,0
125,1,0,2026-07-13T09:17:23.738596+00:00,API-Gateway-01,,API-Gateway-01,normal_login,login_time,9.07,,,,,,,,,Normal shift login,0
126,1,0,2026-07-14T14:29:56.843653+00:00,API-Gateway-01,,API-Gateway-01,normal_login,login_time,14.13,,,,,,,,,Normal shift login,0
127,1,0,2026-07-14T10:15:45.372873+00:00,API-Gateway-01,,API-Gateway-01,normal_login,login_time,9.88,,,,,,,,,Normal shift login,0
128,1,0,2026-07-14T14:43:27.888596+00:00,API-Gateway-01,,API-Gateway-01,normal_login,login_time,14.16,,,,,,,,,Normal shift login,0
129,1,0,2026-07-14T15:17:42.039957+00:00,API-Gateway-01,,API-Gateway-01,normal_login,login_time,14.61,,,,,,,,,Normal shift login,0
130,1,0,2026-07-14T09:15:04.307533+00:00,API-Gateway-01,,API-Gateway-01,normal_login,login_time,8.67,,,,,,,,,Normal shift login,0
131,1,0,2026-07-10T00:19:00+00:00,API-Gateway-01,,API-Gateway-01,normal_process,process_rarity,,nginx,,,,,,,,Common process observed,0
132,1,0,2026-07-10T03:08:00+00:00,API-Gateway-01,,API-Gateway-01,normal_process,process_rarity,,node,,,,,,,,Common process observed,0
133,1,0,2026-07-10T06:07:00+00:00,API-Gateway-01,,API-Gateway-01,normal_process,process_rarity,,nginx,,,,,,,,Common process observed,0
134,1,0,2026-07-10T09:35:00+00:00,API-Gateway-01,,API-Gateway-01,normal_process,process_rarity,,envoy,,,,,,,,Common process observed,0
135,1,0,2026-07-10T12:17:00+00:00,API-Gateway-01,,API-Gateway-01,normal_process,process_rarity,,node,,,,,,,,Common process observed,0
136,1,0,2026-07-10T15:38:00+00:00,API-Gateway-01,,API-Gateway-01,normal_process,process_rarity,,envoy,,,,,,,,Common process observed,0
137,1,0,2026-07-10T18:21:00+00:00,API-Gateway-01,,API-Gateway-01,normal_process,process_rarity,,envoy,,,,,,,,Common process observed,0
138,1,0,2026-07-10T21:40:00+00:00,API-Gateway-01,,API-Gateway-01,normal_process,process_rarity,,node,,,,,,,,Common process observed,0
139,1,0,2026-07-11T00:32:00+00:00,API-Gateway-01,,API-Gateway-01,normal_process,process_rarity,,healthcheck,,,,,,,,Common process observed,0
140,1,0,2026-07-11T03:16:00+00:00,API-Gateway-01,,API-Gateway-01,normal_process,process_rarity,,nginx,,,,,,,,Common process observed,0
141,1,0,2026-07-11T06:05:00+00:00,API-Gateway-01,,API-Gateway-01,normal_process,process_rarity,,healthcheck,,,,,,,,Common process observed,0
142,1,0,2026-07-11T09:17:00+00:00,API-Gateway-01,,API-Gateway-01,normal_process,process_rarity,,nginx,,,,,,,,Common process observed,0
143,1,0,2026-07-11T12:00:00+00:00,API-Gateway-01,,API-Gateway-01,normal_process,process_rarity,,node,,,,,,,,Common process observed,0
144,1,0,2026-07-11T15:08:00+00:00,API-Gateway-01,,API-Gateway-01,normal_process,process_rarity,,node,,,,,,,,Common process observed,0
145,1,0,2026-07-11T18:10:00+00:00,API-Gateway-01,,API-Gateway-01,normal_process,process_rarity,,healthcheck,,,,,,,,Common process observed,0
146,1,0,2026-07-11T21:35:00+00:00,API-Gateway-01,,API-Gateway-01,normal_process,process_rarity,,healthcheck,,,,,,,,Common process observed,0
147,1,0,2026-07-12T00:35:00+00:00,API-Gateway-01,,API-Gateway-01,normal_process,process_rarity,,nginx,,,,,,,,Common process observed,0
148,1,0,2026-07-12T03:07:00+00:00,API-Gateway-01,,API-Gateway-01,normal_process,process_rarity,,nginx,,,,,,,,Common process observed,0
149,1,0,2026-07-12T06:09:00+00:00,API-Gateway-01,,API-Gateway-01,normal_process,process_rarity,,nginx,,,,,,,,Common process observed,0
150,1,0,2026-07-12T09:23:00+00:00,API-Gateway-01,,API-Gateway-01,normal_process,process_rarity,,envoy,,,,,,,,Common process observed,0
151,1,0,2026-07-12T12:27:00+00:00,API-Gateway-01,,API-Gateway-01,normal_process,process_rarity,,envoy,,,,,,,,Common process observed,0
152,1,0,2026-07-12T15:02:00+00:00,API-Gateway-01,,API-Gateway-01,normal_process,process_rarity,,node,,,,,,,,Common process observed,0
153,1,0,2026-07-12T18:23:00+00:00,API-Gateway-01,,API-Gateway-01,normal_process,process_rarity,,nginx,,,,,,,,Common process observed,0
154,1,0,2026-07-12T21:22:00+00:00,API-Gateway-01,,API-Gateway-01,normal_process,process_rarity,,envoy,,,,,,,,Common process observed,0
155,1,0,2026-07-13T00:15:00+00:00,API-Gateway-01,,API-Gateway-01,normal_process,process_rarity,,nginx,,,,,,,,Common process observed,0
156,1,0,2026-07-13T03:22:00+00:00,API-Gateway-01,,API-Gateway-01,normal_process,process_rarity,,healthcheck,,,,,,,,Common process observed,0
157,1,0,2026-07-13T06:39:00+00:00,API-Gateway-01,,API-Gateway-01,normal_process,process_rarity,,envoy,,,,,,,,Common process observed,0
158,1,0,2026-07-13T09:15:00+00:00,API-Gateway-01,,API-Gateway-01,normal_process,process_rarity,,envoy,,,,,,,,Common process observed,0
159,1,0,2026-07-13T12:11:00+00:00,API-Gateway-01,,API-Gateway-01,normal_process,process_rarity,,healthcheck,,,,,,,,Common process observed,0
160,1,0,2026-07-13T15:01:00+00:00,API-Gateway-01,,API-Gateway-01,normal_process,process_rarity,,envoy,,,,,,,,Common process observed,0
161,1,0,2026-07-13T18:21:00+00:00,API-Gateway-01,,API-Gateway-01,normal_process,process_rarity,,healthcheck,,,,,,,,Common process observed,0
162,1,0,2026-07-13T21:15:00+00:00,API-Gateway-01,,API-Gateway-01,normal_process,process_rarity,,node,,,,,,,,Common process observed,0
163,1,0,2026-07-14T00:10:00+00:00,API-Gateway-01,,API-Gateway-01,normal_process,process_rarity,,nginx,,,,,,,,Common process observed,0
164,1,0,2026-07-14T03:24:00+00:00,API-Gateway-01,,API-Gateway-01,normal_process,process_rarity,,nginx,,,,,,,,Common process observed,0
165,1,0,2026-07-14T06:30:00+00:00,API-Gateway-01,,API-Gateway-01,normal_process,process_rarity,,envoy,,,,,,,,Common process observed,0
166,1,0,2026-07-14T09:12:00+00:00,API-Gateway-01,,API-Gateway-01,normal_process,process_rarity,,healthcheck,,,,,,,,Common process observed,0
167,1,0,2026-07-14T12:22:00+00:00,API-Gateway-01,,API-Gateway-01,normal_process,process_rarity,,node,,,,,,,,Common process observed,0
168,1,0,2026-07-14T15:14:00+00:00,API-Gateway-01,,API-Gateway-01,normal_process,process_rarity,,envoy,,,,,,,,Common process observed,0
169,1,0,2026-07-14T18:01:00+00:00,API-Gateway-01,,API-Gateway-01,normal_process,process_rarity,,envoy,,,,,,,,Common process observed,0
170,1,0,2026-07-14T21:25:00+00:00,API-Gateway-01,,API-Gateway-01,normal_process,process_rarity,,node,,,,,,,,Common process observed,0
171,1,0,2026-07-10T00:17:00+00:00,API-Gateway-01,,API-Gateway-01,normal_flow,network_flow,,,310148.02090968465,,,,,,,Baseline east-west traffic,0
172,1,0,2026-07-10T04:17:00+00:00,API-Gateway-01,,API-Gateway-01,normal_flow,network_flow,,,181213.7142513239,,,,,,,Baseline east-west traffic,0
173,1,0,2026-07-10T08:22:00+00:00,API-Gateway-01,,API-Gateway-01,normal_flow,network_flow,,,227716.3831394788,,,,,,,Baseline east-west traffic,0
174,1,0,2026-07-10T12:34:00+00:00,API-Gateway-01,,API-Gateway-01,normal_flow,network_flow,,,222547.30822263157,,,,,,,Baseline east-west traffic,0
175,1,0,2026-07-10T16:21:00+00:00,API-Gateway-01,,API-Gateway-01,normal_flow,network_flow,,,266080.33713526645,,,,,,,Baseline east-west traffic,0
176,1,0,2026-07-10T20:16:00+00:00,API-Gateway-01,,API-Gateway-01,normal_flow,network_flow,,,243544.01546874727,,,,,,,Baseline east-west traffic,0
177,1,0,2026-07-11T00:11:00+00:00,API-Gateway-01,,API-Gateway-01,normal_flow,network_flow,,,162272.14576479016,,,,,,,Baseline east-west traffic,0
178,1,0,2026-07-11T04:02:00+00:00,API-Gateway-01,,API-Gateway-01,normal_flow,network_flow,,,201347.02547507652,,,,,,,Baseline east-west traffic,0
179,1,0,2026-07-11T08:06:00+00:00,API-Gateway-01,,API-Gateway-01,normal_flow,network_flow,,,223517.69783776806,,,,,,,Baseline east-west traffic,0
180,1,0,2026-07-11T12:20:00+00:00,API-Gateway-01,,API-Gateway-01,normal_flow,network_flow,,,231617.85540862044,,,,,,,Baseline east-west traffic,0
181,1,0,2026-07-11T16:27:00+00:00,API-Gateway-01,,API-Gateway-01,normal_flow,network_flow,,,217095.8003309668,,,,,,,Baseline east-west traffic,0
182,1,0,2026-07-11T20:24:00+00:00,API-Gateway-01,,API-Gateway-01,normal_flow,network_flow,,,224074.21129507304,,,,,,,Baseline east-west traffic,0
183,1,0,2026-07-12T00:36:00+00:00,API-Gateway-01,,API-Gateway-01,normal_flow,network_flow,,,253877.6706237516,,,,,,,Baseline east-west traffic,0
184,1,0,2026-07-12T04:27:00+00:00,API-Gateway-01,,API-Gateway-01,normal_flow,network_flow,,,259808.05847757505,,,,,,,Baseline east-west traffic,0
185,1,0,2026-07-12T08:00:00+00:00,API-Gateway-01,,API-Gateway-01,normal_flow,network_flow,,,187059.59892455128,,,,,,,Baseline east-west traffic,0
186,1,0,2026-07-12T12:12:00+00:00,API-Gateway-01,,API-Gateway-01,normal_flow,network_flow,,,242080.77838570683,,,,,,,Baseline east-west traffic,0
187,1,0,2026-07-12T16:23:00+00:00,API-Gateway-01,,API-Gateway-01,normal_flow,network_flow,,,172477.30407897753,,,,,,,Baseline east-west traffic,0
188,1,0,2026-07-12T20:21:00+00:00,API-Gateway-01,,API-Gateway-01,normal_flow,network_flow,,,285710.4615262528,,,,,,,Baseline east-west traffic,0
189,1,0,2026-07-13T00:39:00+00:00,API-Gateway-01,,API-Gateway-01,normal_flow,network_flow,,,223443.51341530168,,,,,,,Baseline east-west traffic,0
190,1,0,2026-07-13T04:19:00+00:00,API-Gateway-01,,API-Gateway-01,normal_flow,network_flow,,,312533.9305625794,,,,,,,Baseline east-west traffic,0
191,1,0,2026-07-13T08:32:00+00:00,API-Gateway-01,,API-Gateway-01,normal_flow,network_flow,,,236948.5563256706,,,,,,,Baseline east-west traffic,0
192,1,0,2026-07-13T12:25:00+00:00,API-Gateway-01,,API-Gateway-01,normal_flow,network_flow,,,283402.02978158795,,,,,,,Baseline east-west traffic,0
193,1,0,2026-07-13T16:18:00+00:00,API-Gateway-01,,API-Gateway-01,normal_flow,network_flow,,,228478.30218554894,,,,,,,Baseline east-west traffic,0
194,1,0,2026-07-13T20:24:00+00:00,API-Gateway-01,,API-Gateway-01,normal_flow,network_flow,,,242341.33858084772,,,,,,,Baseline east-west traffic,0
195,1,0,2026-07-14T00:11:00+00:00,API-Gateway-01,,API-Gateway-01,normal_flow,network_flow,,,227847.27014753505,,,,,,,Baseline east-west traffic,0
196,1,0,2026-07-14T04:35:00+00:00,API-Gateway-01,,API-Gateway-01,normal_flow,network_flow,,,230341.99930282973,,,,,,,Baseline east-west traffic,0
197,1,0,2026-07-14T08:00:00+00:00,API-Gateway-01,,API-Gateway-01,normal_flow,network_flow,,,242015.694698183,,,,,,,Baseline east-west traffic,0
198,1,0,2026-07-14T12:37:00+00:00,API-Gateway-01,,API-Gateway-01,normal_flow,network_flow,,,272679.00363494584,,,,,,,Baseline east-west traffic,0
199,1,0,2026-07-14T16:38:00+00:00,API-Gateway-01,,API-Gateway-01,normal_flow,network_flow,,,227936.95551808694,,,,,,,Baseline east-west traffic,0
200,1,0,2026-07-14T20:28:00+00:00,API-Gateway-01,,API-Gateway-01,normal_flow,network_flow,,,217664.03101265305,,,,,,,Baseline east-west traffic,0
201,1,0,2026-07-10T00:13:00+00:00,API-Gateway-01,,API-Gateway-01,normal_dns,dns_entropy,,,,time.windows.com,,,,,,Normal DNS lookup,0
202,1,0,2026-07-10T10:10:00+00:00,API-Gateway-01,,API-Gateway-01,normal_dns,dns_entropy,,,,corp.local,,,,,,Normal DNS lookup,0
203,1,0,2026-07-10T20:18:00+00:00,API-Gateway-01,,API-Gateway-01,normal_dns,dns_entropy,,,,vendor-updates.net,,,,,,Normal DNS lookup,0
204,1,0,2026-07-11T06:05:00+00:00,API-Gateway-01,,API-Gateway-01,normal_dns,dns_entropy,,,,gridwest.internal,,,,,,Normal DNS lookup,0
205,1,0,2026-07-11T16:19:00+00:00,API-Gateway-01,,API-Gateway-01,normal_dns,dns_entropy,,,,gridwest.internal,,,,,,Normal DNS lookup,0
206,1,0,2026-07-12T02:12:00+00:00,API-Gateway-01,,API-Gateway-01,normal_dns,dns_entropy,,,,gridwest.internal,,,,,,Normal DNS lookup,0
207,1,0,2026-07-12T12:01:00+00:00,API-Gateway-01,,API-Gateway-01,normal_dns,dns_entropy,,,,corp.local,,,,,,Normal DNS lookup,0
208,1,0,2026-07-12T22:15:00+00:00,API-Gateway-01,,API-Gateway-01,normal_dns,dns_entropy,,,,time.windows.com,,,,,,Normal DNS lookup,0
209,1,0,2026-07-13T08:39:00+00:00,API-Gateway-01,,API-Gateway-01,normal_dns,dns_entropy,,,,corp.local,,,,,,Normal DNS lookup,0
210,1,0,2026-07-13T18:29:00+00:00,API-Gateway-01,,API-Gateway-01,normal_dns,dns_entropy,,,,time.windows.com,,,,,,Normal DNS lookup,0
211,1,0,2026-07-10T12:07:06.045296+00:00,Historian-01,,Historian-01,normal_login,login_time,11.72,,,,,,,,,Normal shift login,0
212,1,0,2026-07-10T17:32:58.750306+00:00,Historian-01,,Historian-01,normal_login,login_time,17.4,,,,,,,,,Normal shift login,0
213,1,0,2026-07-10T09:42:33.575374+00:00,Historian-01,,Historian-01,normal_login,login_time,8.89,,,,,,,,,Normal shift login,0
214,1,0,2026-07-10T10:00:42.313464+00:00,Historian-01,,Historian-01,normal_login,login_time,9.78,,,,,,,,,Normal shift login,0
215,1,0,2026-07-10T11:32:14.795482+00:00,Historian-01,,Historian-01,normal_login,login_time,10.8,,,,,,,,,Normal shift login,0
216,1,0,2026-07-11T17:18:00.786187+00:00,Historian-01,,Historian-01,normal_login,login_time,17.05,,,,,,,,,Normal shift login,0
217,1,0,2026-07-11T09:56:23.262572+00:00,Historian-01,,Historian-01,normal_login,login_time,9.46,,,,,,,,,Normal shift login,0
218,1,0,2026-07-11T16:25:00.142590+00:00,Historian-01,,Historian-01,normal_login,login_time,15.95,,,,,,,,,Normal shift login,0
219,1,0,2026-07-11T17:24:50.049011+00:00,Historian-01,,Historian-01,normal_login,login_time,16.83,,,,,,,,,Normal shift login,0
220,1,0,2026-07-11T18:40:49.949172+00:00,Historian-01,,Historian-01,normal_login,login_time,17.9,,,,,,,,,Normal shift login,0
221,1,0,2026-07-12T18:15:00.251126+00:00,Historian-01,,Historian-01,normal_login,login_time,17.45,,,,,,,,,Normal shift login,0
222,1,0,2026-07-12T12:07:23.506396+00:00,Historian-01,,Historian-01,normal_login,login_time,11.84,,,,,,,,,Normal shift login,0
223,1,0,2026-07-12T17:54:36.294373+00:00,Historian-01,,Historian-01,normal_login,login_time,17.63,,,,,,,,,Normal shift login,0
224,1,0,2026-07-12T17:22:38.940074+00:00,Historian-01,,Historian-01,normal_login,login_time,17.08,,,,,,,,,Normal shift login,0
225,1,0,2026-07-12T11:36:18.174385+00:00,Historian-01,,Historian-01,normal_login,login_time,11.27,,,,,,,,,Normal shift login,0
226,1,0,2026-07-13T09:22:18.146621+00:00,Historian-01,,Historian-01,normal_login,login_time,9.14,,,,,,,,,Normal shift login,0
227,1,0,2026-07-13T17:26:38.219324+00:00,Historian-01,,Historian-01,normal_login,login_time,16.69,,,,,,,,,Normal shift login,0
228,1,0,2026-07-13T11:29:51.223863+00:00,Historian-01,,Historian-01,normal_login,login_time,11.06,,,,,,,,,Normal shift login,0
229,1,0,2026-07-13T15:58:33.400106+00:00,Historian-01,,Historian-01,normal_login,login_time,15.54,,,,,,,,,Normal shift login,0
230,1,0,2026-07-13T08:38:24.603802+00:00,Historian-01,,Historian-01,normal_login,login_time,8.21,,,,,,,,,Normal shift login,0
231,1,0,2026-07-14T17:31:17.418522+00:00,Historian-01,,Historian-01,normal_login,login_time,16.9,,,,,,,,,Normal shift login,0
232,1,0,2026-07-14T09:39:24.235316+00:00,Historian-01,,Historian-01,normal_login,login_time,8.86,,,,,,,,,Normal shift login,0
233,1,0,2026-07-14T16:50:37.127037+00:00,Historian-01,,Historian-01,normal_login,login_time,16.48,,,,,,,,,Normal shift login,0
234,1,0,2026-07-14T15:11:12.510450+00:00,Historian-01,,Historian-01,normal_login,login_time,14.75,,,,,,,,,Normal shift login,0
235,1,0,2026-07-14T11:46:17.626119+00:00,Historian-01,,Historian-01,normal_login,login_time,11.49,,,,,,,,,Normal shift login,0
236,1,0,2026-07-10T00:27:00+00:00,Historian-01,,Historian-01,normal_process,process_rarity,,timeseries-writer,,,,,,,,Common process observed,0
237,1,0,2026-07-10T03:01:00+00:00,Historian-01,,Historian-01,normal_process,process_rarity,,timeseries-writer,,,,,,,,Common process observed,0
238,1,0,2026-07-10T06:21:00+00:00,Historian-01,,Historian-01,normal_process,process_rarity,,timeseries-writer,,,,,,,,Common process observed,0
239,1,0,2026-07-10T09:10:00+00:00,Historian-01,,Historian-01,normal_process,process_rarity,,timeseries-writer,,,,,,,,Common process observed,0
240,1,0,2026-07-10T12:08:00+00:00,Historian-01,,Historian-01,normal_process,process_rarity,,historiand,,,,,,,,Common process observed,0
241,1,0,2026-07-10T15:25:00+00:00,Historian-01,,Historian-01,normal_process,process_rarity,,historiand,,,,,,,,Common process observed,0
242,1,0,2026-07-10T18:05:00+00:00,Historian-01,,Historian-01,normal_process,process_rarity,,timeseries-writer,,,,,,,,Common process observed,0
243,1,0,2026-07-10T21:08:00+00:00,Historian-01,,Historian-01,normal_process,process_rarity,,timeseries-writer,,,,,,,,Common process observed,0
244,1,0,2026-07-11T00:11:00+00:00,Historian-01,,Historian-01,normal_process,process_rarity,,historiand,,,,,,,,Common process observed,0
245,1,0,2026-07-11T03:16:00+00:00,Historian-01,,Historian-01,normal_process,process_rarity,,timeseries-writer,,,,,,,,Common process observed,0
246,1,0,2026-07-11T06:20:00+00:00,Historian-01,,Historian-01,normal_process,process_rarity,,opcua-reader,,,,,,,,Common process observed,0
247,1,0,2026-07-11T09:29:00+00:00,Historian-01,,Historian-01,normal_process,process_rarity,,backup-agent,,,,,,,,Common process observed,0
248,1,0,2026-07-11T12:21:00+00:00,Historian-01,,Historian-01,normal_process,process_rarity,,timeseries-writer,,,,,,,,Common process observed,0
249,1,0,2026-07-11T15:17:00+00:00,Historian-01,,Historian-01,normal_process,process_rarity,,timeseries-writer,,,,,,,,Common process observed,0
250,1,0,2026-07-11T18:16:00+00:00,Historian-01,,Historian-01,normal_process,process_rarity,,historiand,,,,,,,,Common process observed,0
251,1,0,2026-07-11T21:30:00+00:00,Historian-01,,Historian-01,normal_process,process_rarity,,historiand,,,,,,,,Common process observed,0
252,1,0,2026-07-12T00:34:00+00:00,Historian-01,,Historian-01,normal_process,process_rarity,,historiand,,,,,,,,Common process observed,0
253,1,0,2026-07-12T03:22:00+00:00,Historian-01,,Historian-01,normal_process,process_rarity,,opcua-reader,,,,,,,,Common process observed,0
254,1,0,2026-07-12T06:04:00+00:00,Historian-01,,Historian-01,normal_process,process_rarity,,historiand,,,,,,,,Common process observed,0
255,1,0,2026-07-12T09:01:00+00:00,Historian-01,,Historian-01,normal_process,process_rarity,,opcua-reader,,,,,,,,Common process observed,0
256,1,0,2026-07-12T12:12:00+00:00,Historian-01,,Historian-01,normal_process,process_rarity,,historiand,,,,,,,,Common process observed,0
257,1,0,2026-07-12T15:39:00+00:00,Historian-01,,Historian-01,normal_process,process_rarity,,opcua-reader,,,,,,,,Common process observed,0
258,1,0,2026-07-12T18:15:00+00:00,Historian-01,,Historian-01,normal_process,process_rarity,,opcua-reader,,,,,,,,Common process observed,0
259,1,0,2026-07-12T21:30:00+00:00,Historian-01,,Historian-01,normal_process,process_rarity,,historiand,,,,,,,,Common process observed,0
260,1,0,2026-07-13T00:36:00+00:00,Historian-01,,Historian-01,normal_process,process_rarity,,opcua-reader,,,,,,,,Common process observed,0
261,1,0,2026-07-13T03:29:00+00:00,Historian-01,,Historian-01,normal_process,process_rarity,,backup-agent,,,,,,,,Common process observed,0
262,1,0,2026-07-13T06:23:00+00:00,Historian-01,,Historian-01,normal_process,process_rarity,,opcua-reader,,,,,,,,Common process observed,0
263,1,0,2026-07-13T09:38:00+00:00,Historian-01,,Historian-01,normal_process,process_rarity,,historiand,,,,,,,,Common process observed,0
264,1,0,2026-07-13T12:10:00+00:00,Historian-01,,Historian-01,normal_process,process_rarity,,backup-agent,,,,,,,,Common process observed,0
265,1,0,2026-07-13T15:06:00+00:00,Historian-01,,Historian-01,normal_process,process_rarity,,historiand,,,,,,,,Common process observed,0
266,1,0,2026-07-13T18:19:00+00:00,Historian-01,,Historian-01,normal_process,process_rarity,,timeseries-writer,,,,,,,,Common process observed,0
267,1,0,2026-07-13T21:25:00+00:00,Historian-01,,Historian-01,normal_process,process_rarity,,opcua-reader,,,,,,,,Common process observed,0
268,1,0,2026-07-14T00:04:00+00:00,Historian-01,,Historian-01,normal_process,process_rarity,,opcua-reader,,,,,,,,Common process observed,0
269,1,0,2026-07-14T03:06:00+00:00,Historian-01,,Historian-01,normal_process,process_rarity,,backup-agent,,,,,,,,Common process observed,0
270,1,0,2026-07-14T06:38:00+00:00,Historian-01,,Historian-01,normal_process,process_rarity,,historiand,,,,,,,,Common process observed,0
271,1,0,2026-07-14T09:36:00+00:00,Historian-01,,Historian-01,normal_process,process_rarity,,historiand,,,,,,,,Common process observed,0
272,1,0,2026-07-14T12:22:00+00:00,Historian-01,,Historian-01,normal_process,process_rarity,,timeseries-writer,,,,,,,,Common process observed,0
273,1,0,2026-07-14T15:23:00+00:00,Historian-01,,Historian-01,normal_process,process_rarity,,historiand,,,,,,,,Common process observed,0
274,1,0,2026-07-14T18:32:00+00:00,Historian-01,,Historian-01,normal_process,process_rarity,,backup-agent,,,,,,,,Common process observed,0
275,1,0,2026-07-14T21:00:00+00:00,Historian-01,,Historian-01,normal_process,process_rarity,,timeseries-writer,,,,,,,,Common process observed,0
276,1,0,2026-07-10T00:31:00+00:00,Historian-01,,Historian-01,normal_flow,network_flow,,,320200.5043458503,,,,,,,Baseline east-west traffic,0
277,1,0,2026-07-10T04:40:00+00:00,Historian-01,,Historian-01,normal_flow,network_flow,,,304834.79431486863,,,,,,,Baseline east-west traffic,0
278,1,0,2026-07-10T08:29:00+00:00,Historian-01,,Historian-01,normal_flow,network_flow,,,240080.23512541872,,,,,,,Baseline east-west traffic,0
279,1,0,2026-07-10T12:33:00+00:00,Historian-01,,Historian-01,normal_flow,network_flow,,,213909.9879894872,,,,,,,Baseline east-west traffic,0
280,1,0,2026-07-10T16:17:00+00:00,Historian-01,,Historian-01,normal_flow,network_flow,,,191347.83262350078,,,,,,,Baseline east-west traffic,0
281,1,0,2026-07-10T20:30:00+00:00,Historian-01,,Historian-01,normal_flow,network_flow,,,197690.56418419356,,,,,,,Baseline east-west traffic,0
282,1,0,2026-07-11T00:29:00+00:00,Historian-01,,Historian-01,normal_flow,network_flow,,,197863.6779670692,,,,,,,Baseline east-west traffic,0
283,1,0,2026-07-11T04:17:00+00:00,Historian-01,,Historian-01,normal_flow,network_flow,,,272338.31338346895,,,,,,,Baseline east-west traffic,0
284,1,0,2026-07-11T08:20:00+00:00,Historian-01,,Historian-01,normal_flow,network_flow,,,289347.57205066486,,,,,,,Baseline east-west traffic,0
285,1,0,2026-07-11T12:05:00+00:00,Historian-01,,Historian-01,normal_flow,network_flow,,,197050.77124957967,,,,,,,Baseline east-west traffic,0
286,1,0,2026-07-11T16:17:00+00:00,Historian-01,,Historian-01,normal_flow,network_flow,,,269259.5373514524,,,,,,,Baseline east-west traffic,0
287,1,0,2026-07-11T20:29:00+00:00,Historian-01,,Historian-01,normal_flow,network_flow,,,232282.0214284167,,,,,,,Baseline east-west traffic,0
288,1,0,2026-07-12T00:36:00+00:00,Historian-01,,Historian-01,normal_flow,network_flow,,,223721.4245892356,,,,,,,Baseline east-west traffic,0
289,1,0,2026-07-12T04:01:00+00:00,Historian-01,,Historian-01,normal_flow,network_flow,,,228168.06101992502,,,,,,,Baseline east-west traffic,0
290,1,0,2026-07-12T08:31:00+00:00,Historian-01,,Historian-01,normal_flow,network_flow,,,263141.00663960224,,,,,,,Baseline east-west traffic,0
291,1,0,2026-07-12T12:13:00+00:00,Historian-01,,Historian-01,normal_flow,network_flow,,,232138.81149419406,,,,,,,Baseline east-west traffic,0
292,1,0,2026-07-12T16:22:00+00:00,Historian-01,,Historian-01,normal_flow,network_flow,,,259451.2404208692,,,,,,,Baseline east-west traffic,0
293,1,0,2026-07-12T20:38:00+00:00,Historian-01,,Historian-01,normal_flow,network_flow,,,219504.9997195499,,,,,,,Baseline east-west traffic,0
294,1,0,2026-07-13T00:17:00+00:00,Historian-01,,Historian-01,normal_flow,network_flow,,,210363.81406876002,,,,,,,Baseline east-west traffic,0
295,1,0,2026-07-13T04:12:00+00:00,Historian-01,,Historian-01,normal_flow,network_flow,,,235507.16128854666,,,,,,,Baseline east-west traffic,0
296,1,0,2026-07-13T08:05:00+00:00,Historian-01,,Historian-01,normal_flow,network_flow,,,251940.56921067557,,,,,,,Baseline east-west traffic,0
297,1,0,2026-07-13T12:35:00+00:00,Historian-01,,Historian-01,normal_flow,network_flow,,,285695.1924347276,,,,,,,Baseline east-west traffic,0
298,1,0,2026-07-13T16:15:00+00:00,Historian-01,,Historian-01,normal_flow,network_flow,,,231613.80841152678,,,,,,,Baseline east-west traffic,0
299,1,0,2026-07-13T20:31:00+00:00,Historian-01,,Historian-01,normal_flow,network_flow,,,203037.25917514338,,,,,,,Baseline east-west traffic,0
300,1,0,2026-07-14T00:28:00+00:00,Historian-01,,Historian-01,normal_flow,network_flow,,,254122.46645834233,,,,,,,Baseline east-west traffic,0
301,1,0,2026-07-14T04:14:00+00:00,Historian-01,,Historian-01,normal_flow,network_flow,,,235090.24425206313,,,,,,,Baseline east-west traffic,0
302,1,0,2026-07-14T08:25:00+00:00,Historian-01,,Historian-01,normal_flow,network_flow,,,239296.00056935957,,,,,,,Baseline east-west traffic,0
303,1,0,2026-07-14T12:37:00+00:00,Historian-01,,Historian-01,normal_flow,network_flow,,,222051.90571371416,,,,,,,Baseline east-west traffic,0
304,1,0,2026-07-14T16:23:00+00:00,Historian-01,,Historian-01,normal_flow,network_flow,,,207541.12455609924,,,,,,,Baseline east-west traffic,0
305,1,0,2026-07-14T20:27:00+00:00,Historian-01,,Historian-01,normal_flow,network_flow,,,257201.37198165906,,,,,,,Baseline east-west traffic,0
306,1,0,2026-07-10T00:35:00+00:00,Historian-01,,Historian-01,normal_dns,dns_entropy,,,,vendor-updates.net,,,,,,Normal DNS lookup,0
307,1,0,2026-07-10T10:22:00+00:00,Historian-01,,Historian-01,normal_dns,dns_entropy,,,,time.windows.com,,,,,,Normal DNS lookup,0
308,1,0,2026-07-10T20:17:00+00:00,Historian-01,,Historian-01,normal_dns,dns_entropy,,,,vendor-updates.net,,,,,,Normal DNS lookup,0
309,1,0,2026-07-11T06:16:00+00:00,Historian-01,,Historian-01,normal_dns,dns_entropy,,,,gridwest.internal,,,,,,Normal DNS lookup,0
310,1,0,2026-07-11T16:07:00+00:00,Historian-01,,Historian-01,normal_dns,dns_entropy,,,,gridwest.internal,,,,,,Normal DNS lookup,0
311,1,0,2026-07-12T02:20:00+00:00,Historian-01,,Historian-01,normal_dns,dns_entropy,,,,corp.local,,,,,,Normal DNS lookup,0
312,1,0,2026-07-12T12:34:00+00:00,Historian-01,,Historian-01,normal_dns,dns_entropy,,,,gridwest.internal,,,,,,Normal DNS lookup,0
313,1,0,2026-07-12T22:12:00+00:00,Historian-01,,Historian-01,normal_dns,dns_entropy,,,,gridwest.internal,,,,,,Normal DNS lookup,0
314,1,0,2026-07-13T08:30:00+00:00,Historian-01,,Historian-01,normal_dns,dns_entropy,,,,vendor-updates.net,,,,,,Normal DNS lookup,0
315,1,0,2026-07-13T18:37:00+00:00,Historian-01,,Historian-01,normal_dns,dns_entropy,,,,vendor-updates.net,,,,,,Normal DNS lookup,0
316,1,0,2026-07-10T10:07:57.462108+00:00,SCADA-HMI-07,,SCADA-HMI-07,normal_login,login_time,9.83,,,,,,,,,Normal shift login,0
317,1,0,2026-07-10T11:40:39.171849+00:00,SCADA-HMI-07,,SCADA-HMI-07,normal_login,login_time,11.36,,,,,,,,,Normal shift login,0
318,1,0,2026-07-10T08:50:28.866549+00:00,SCADA-HMI-07,,SCADA-HMI-07,normal_login,login_time,8.71,,,,,,,,,Normal shift login,0
319,1,0,2026-07-10T14:05:43.856524+00:00,SCADA-HMI-07,,SCADA-HMI-07,normal_login,login_time,14.05,,,,,,,,,Normal shift login,0
320,1,0,2026-07-10T14:49:50.702614+00:00,SCADA-HMI-07,,SCADA-HMI-07,normal_login,login_time,14.7,,,,,,,,,Normal shift login,0
321,1,0,2026-07-11T17:06:09.315528+00:00,SCADA-HMI-07,,SCADA-HMI-07,normal_login,login_time,17.1,,,,,,,,,Normal shift login,0
322,1,0,2026-07-11T14:56:09.829002+00:00,SCADA-HMI-07,,SCADA-HMI-07,normal_login,login_time,14.47,,,,,,,,,Normal shift login,0
323,1,0,2026-07-11T15:14:03.709213+00:00,SCADA-HMI-07,,SCADA-HMI-07,normal_login,login_time,15.18,,,,,,,,,Normal shift login,0
324,1,0,2026-07-11T15:26:27.828948+00:00,SCADA-HMI-07,,SCADA-HMI-07,normal_login,login_time,14.94,,,,,,,,,Normal shift login,0
325,1,0,2026-07-11T10:14:19.616323+00:00,SCADA-HMI-07,,SCADA-HMI-07,normal_login,login_time,9.82,,,,,,,,,Normal shift login,0
326,1,0,2026-07-12T17:44:26.695813+00:00,SCADA-HMI-07,,SCADA-HMI-07,normal_login,login_time,17.07,,,,,,,,,Normal shift login,0
327,1,0,2026-07-12T08:45:06.217225+00:00,SCADA-HMI-07,,SCADA-HMI-07,normal_login,login_time,8.15,,,,,,,,,Normal shift login,0
328,1,0,2026-07-12T14:20:06.651270+00:00,SCADA-HMI-07,,SCADA-HMI-07,normal_login,login_time,14.09,,,,,,,,,Normal shift login,0
329,1,0,2026-07-12T09:59:29.062925+00:00,SCADA-HMI-07,,SCADA-HMI-07,normal_login,login_time,9.56,,,,,,,,,Normal shift login,0
330,1,0,2026-07-12T12:10:32.496743+00:00,SCADA-HMI-07,,SCADA-HMI-07,normal_login,login_time,11.78,,,,,,,,,Normal shift login,0
331,1,0,2026-07-13T18:13:30.615759+00:00,SCADA-HMI-07,,SCADA-HMI-07,normal_login,login_time,17.91,,,,,,,,,Normal shift login,0
332,1,0,2026-07-13T16:57:19.368880+00:00,SCADA-HMI-07,,SCADA-HMI-07,normal_login,login_time,16.31,,,,,,,,,Normal shift login,0
333,1,0,2026-07-13T09:23:34.671284+00:00,SCADA-HMI-07,,SCADA-HMI-07,normal_login,login_time,8.61,,,,,,,,,Normal shift login,0
334,1,0,2026-07-13T10:09:51.324721+00:00,SCADA-HMI-07,,SCADA-HMI-07,normal_login,login_time,9.95,,,,,,,,,Normal shift login,0
335,1,0,2026-07-13T11:20:52.726051+00:00,SCADA-HMI-07,,SCADA-HMI-07,normal_login,login_time,11.26,,,,,,,,,Normal shift login,0
336,1,0,2026-07-14T10:49:23.514640+00:00,SCADA-HMI-07,,SCADA-HMI-07,normal_login,login_time,10.24,,,,,,,,,Normal shift login,0
337,1,0,2026-07-14T09:35:23.517416+00:00,SCADA-HMI-07,,SCADA-HMI-07,normal_login,login_time,9.16,,,,,,,,,Normal shift login,0
338,1,0,2026-07-14T18:11:21.736089+00:00,SCADA-HMI-07,,SCADA-HMI-07,normal_login,login_time,17.69,,,,,,,,,Normal shift login,0
339,1,0,2026-07-14T14:19:57.503479+00:00,SCADA-HMI-07,,SCADA-HMI-07,normal_login,login_time,14.03,,,,,,,,,Normal shift login,0
340,1,0,2026-07-14T15:11:10.755209+00:00,SCADA-HMI-07,,SCADA-HMI-07,normal_login,login_time,14.7,,,,,,,,,Normal shift login,0
341,1,0,2026-07-10T00:04:00+00:00,SCADA-HMI-07,,SCADA-HMI-07,normal_process,process_rarity,,opcua-client,,,,,,,,Common process observed,0
342,1,0,2026-07-10T03:16:00+00:00,SCADA-HMI-07,,SCADA-HMI-07,normal_process,process_rarity,,opcua-client,,,,,,,,Common process observed,0
343,1,0,2026-07-10T06:27:00+00:00,SCADA-HMI-07,,SCADA-HMI-07,normal_process,process_rarity,,hmi-runtime,,,,,,,,Common process observed,0
344,1,0,2026-07-10T09:34:00+00:00,SCADA-HMI-07,,SCADA-HMI-07,normal_process,process_rarity,,opcua-client,,,,,,,,Common process observed,0
345,1,0,2026-07-10T12:09:00+00:00,SCADA-HMI-07,,SCADA-HMI-07,normal_process,process_rarity,,screen-recorder,,,,,,,,Common process observed,0
346,1,0,2026-07-10T15:09:00+00:00,SCADA-HMI-07,,SCADA-HMI-07,normal_process,process_rarity,,hmi-runtime,,,,,,,,Common process observed,0
347,1,0,2026-07-10T18:03:00+00:00,SCADA-HMI-07,,SCADA-HMI-07,normal_process,process_rarity,,opcua-client,,,,,,,,Common process observed,0
348,1,0,2026-07-10T21:19:00+00:00,SCADA-HMI-07,,SCADA-HMI-07,normal_process,process_rarity,,screen-recorder,,,,,,,,Common process observed,0
349,1,0,2026-07-11T00:28:00+00:00,SCADA-HMI-07,,SCADA-HMI-07,normal_process,process_rarity,,hmi-runtime,,,,,,,,Common process observed,0
350,1,0,2026-07-11T03:29:00+00:00,SCADA-HMI-07,,SCADA-HMI-07,normal_process,process_rarity,,screen-recorder,,,,,,,,Common process observed,0
351,1,0,2026-07-11T06:25:00+00:00,SCADA-HMI-07,,SCADA-HMI-07,normal_process,process_rarity,,screen-recorder,,,,,,,,Common process observed,0
352,1,0,2026-07-11T09:32:00+00:00,SCADA-HMI-07,,SCADA-HMI-07,normal_process,process_rarity,,alarm-panel,,,,,,,,Common process observed,0
353,1,0,2026-07-11T12:28:00+00:00,SCADA-HMI-07,,SCADA-HMI-07,normal_process,process_rarity,,hmi-runtime,,,,,,,,Common process observed,0
354,1,0,2026-07-11T15:38:00+00:00,SCADA-HMI-07,,SCADA-HMI-07,normal_process,process_rarity,,hmi-runtime,,,,,,,,Common process observed,0
355,1,0,2026-07-11T18:27:00+00:00,SCADA-HMI-07,,SCADA-HMI-07,normal_process,process_rarity,,screen-recorder,,,,,,,,Common process observed,0
356,1,0,2026-07-11T21:38:00+00:00,SCADA-HMI-07,,SCADA-HMI-07,normal_process,process_rarity,,screen-recorder,,,,,,,,Common process observed,0
357,1,0,2026-07-12T00:01:00+00:00,SCADA-HMI-07,,SCADA-HMI-07,normal_process,process_rarity,,hmi-runtime,,,,,,,,Common process observed,0
358,1,0,2026-07-12T03:14:00+00:00,SCADA-HMI-07,,SCADA-HMI-07,normal_process,process_rarity,,hmi-runtime,,,,,,,,Common process observed,0
359,1,0,2026-07-12T06:17:00+00:00,SCADA-HMI-07,,SCADA-HMI-07,normal_process,process_rarity,,hmi-runtime,,,,,,,,Common process observed,0
360,1,0,2026-07-12T09:11:00+00:00,SCADA-HMI-07,,SCADA-HMI-07,normal_process,process_rarity,,alarm-panel,,,,,,,,Common process observed,0
361,1,0,2026-07-12T12:33:00+00:00,SCADA-HMI-07,,SCADA-HMI-07,normal_process,process_rarity,,alarm-panel,,,,,,,,Common process observed,0
362,1,0,2026-07-12T15:17:00+00:00,SCADA-HMI-07,,SCADA-HMI-07,normal_process,process_rarity,,opcua-client,,,,,,,,Common process observed,0
363,1,0,2026-07-12T18:37:00+00:00,SCADA-HMI-07,,SCADA-HMI-07,normal_process,process_rarity,,alarm-panel,,,,,,,,Common process observed,0
364,1,0,2026-07-12T21:40:00+00:00,SCADA-HMI-07,,SCADA-HMI-07,normal_process,process_rarity,,alarm-panel,,,,,,,,Common process observed,0
365,1,0,2026-07-13T00:05:00+00:00,SCADA-HMI-07,,SCADA-HMI-07,normal_process,process_rarity,,alarm-panel,,,,,,,,Common process observed,0
366,1,0,2026-07-13T03:22:00+00:00,SCADA-HMI-07,,SCADA-HMI-07,normal_process,process_rarity,,alarm-panel,,,,,,,,Common process observed,0
367,1,0,2026-07-13T06:21:00+00:00,SCADA-HMI-07,,SCADA-HMI-07,normal_process,process_rarity,,screen-recorder,,,,,,,,Common process observed,0
368,1,0,2026-07-13T09:06:00+00:00,SCADA-HMI-07,,SCADA-HMI-07,normal_process,process_rarity,,opcua-client,,,,,,,,Common process observed,0
369,1,0,2026-07-13T12:21:00+00:00,SCADA-HMI-07,,SCADA-HMI-07,normal_process,process_rarity,,alarm-panel,,,,,,,,Common process observed,0
370,1,0,2026-07-13T15:31:00+00:00,SCADA-HMI-07,,SCADA-HMI-07,normal_process,process_rarity,,screen-recorder,,,,,,,,Common process observed,0
371,1,0,2026-07-13T18:25:00+00:00,SCADA-HMI-07,,SCADA-HMI-07,normal_process,process_rarity,,hmi-runtime,,,,,,,,Common process observed,0
372,1,0,2026-07-13T21:29:00+00:00,SCADA-HMI-07,,SCADA-HMI-07,normal_process,process_rarity,,hmi-runtime,,,,,,,,Common process observed,0
373,1,0,2026-07-14T00:20:00+00:00,SCADA-HMI-07,,SCADA-HMI-07,normal_process,process_rarity,,screen-recorder,,,,,,,,Common process observed,0
374,1,0,2026-07-14T03:20:00+00:00,SCADA-HMI-07,,SCADA-HMI-07,normal_process,process_rarity,,hmi-runtime,,,,,,,,Common process observed,0
375,1,0,2026-07-14T06:25:00+00:00,SCADA-HMI-07,,SCADA-HMI-07,normal_process,process_rarity,,hmi-runtime,,,,,,,,Common process observed,0
376,1,0,2026-07-14T09:34:00+00:00,SCADA-HMI-07,,SCADA-HMI-07,normal_process,process_rarity,,alarm-panel,,,,,,,,Common process observed,0
377,1,0,2026-07-14T12:26:00+00:00,SCADA-HMI-07,,SCADA-HMI-07,normal_process,process_rarity,,hmi-runtime,,,,,,,,Common process observed,0
378,1,0,2026-07-14T15:12:00+00:00,SCADA-HMI-07,,SCADA-HMI-07,normal_process,process_rarity,,screen-recorder,,,,,,,,Common process observed,0
379,1,0,2026-07-14T18:39:00+00:00,SCADA-HMI-07,,SCADA-HMI-07,normal_process,process_rarity,,alarm-panel,,,,,,,,Common process observed,0
380,1,0,2026-07-14T21:40:00+00:00,SCADA-HMI-07,,SCADA-HMI-07,normal_process,process_rarity,,alarm-panel,,,,,,,,Common process observed,0
381,1,0,2026-07-10T00:03:00+00:00,SCADA-HMI-07,,SCADA-HMI-07,normal_flow,network_flow,,,262710.3824553659,,,,,,,Baseline east-west traffic,0
382,1,0,2026-07-10T04:18:00+00:00,SCADA-HMI-07,,SCADA-HMI-07,normal_flow,network_flow,,,292314.8328783561,,,,,,,Baseline east-west traffic,0
383,1,0,2026-07-10T08:28:00+00:00,SCADA-HMI-07,,SCADA-HMI-07,normal_flow,network_flow,,,279526.77547114703,,,,,,,Baseline east-west traffic,0
384,1,0,2026-07-10T12:01:00+00:00,SCADA-HMI-07,,SCADA-HMI-07,normal_flow,network_flow,,,222566.61928242224,,,,,,,Baseline east-west traffic,0
385,1,0,2026-07-10T16:40:00+00:00,SCADA-HMI-07,,SCADA-HMI-07,normal_flow,network_flow,,,229937.69394429226,,,,,,,Baseline east-west traffic,0
386,1,0,2026-07-10T20:10:00+00:00,SCADA-HMI-07,,SCADA-HMI-07,normal_flow,network_flow,,,233641.19704218552,,,,,,,Baseline east-west traffic,0
387,1,0,2026-07-11T00:19:00+00:00,SCADA-HMI-07,,SCADA-HMI-07,normal_flow,network_flow,,,207875.17945827034,,,,,,,Baseline east-west traffic,0
388,1,0,2026-07-11T04:05:00+00:00,SCADA-HMI-07,,SCADA-HMI-07,normal_flow,network_flow,,,236066.88162665936,,,,,,,Baseline east-west traffic,0
389,1,0,2026-07-11T08:14:00+00:00,SCADA-HMI-07,,SCADA-HMI-07,normal_flow,network_flow,,,327242.5272203513,,,,,,,Baseline east-west traffic,0
390,1,0,2026-07-11T12:29:00+00:00,SCADA-HMI-07,,SCADA-HMI-07,normal_flow,network_flow,,,246239.1968389473,,,,,,,Baseline east-west traffic,0
391,1,0,2026-07-11T16:07:00+00:00,SCADA-HMI-07,,SCADA-HMI-07,normal_flow,network_flow,,,237869.02568145515,,,,,,,Baseline east-west traffic,0
392,1,0,2026-07-11T20:18:00+00:00,SCADA-HMI-07,,SCADA-HMI-07,normal_flow,network_flow,,,233798.64688146647,,,,,,,Baseline east-west traffic,0
393,1,0,2026-07-12T00:32:00+00:00,SCADA-HMI-07,,SCADA-HMI-07,normal_flow,network_flow,,,239970.75414644228,,,,,,,Baseline east-west traffic,0
394,1,0,2026-07-12T04:30:00+00:00,SCADA-HMI-07,,SCADA-HMI-07,normal_flow,network_flow,,,215142.86200072174,,,,,,,Baseline east-west traffic,0
395,1,0,2026-07-12T08:30:00+00:00,SCADA-HMI-07,,SCADA-HMI-07,normal_flow,network_flow,,,251744.8542780593,,,,,,,Baseline east-west traffic,0
396,1,0,2026-07-12T12:24:00+00:00,SCADA-HMI-07,,SCADA-HMI-07,normal_flow,network_flow,,,294274.1084586588,,,,,,,Baseline east-west traffic,0
397,1,0,2026-07-12T16:12:00+00:00,SCADA-HMI-07,,SCADA-HMI-07,normal_flow,network_flow,,,286775.66647108225,,,,,,,Baseline east-west traffic,0
398,1,0,2026-07-12T20:08:00+00:00,SCADA-HMI-07,,SCADA-HMI-07,normal_flow,network_flow,,,230340.9616394766,,,,,,,Baseline east-west traffic,0
399,1,0,2026-07-13T00:04:00+00:00,SCADA-HMI-07,,SCADA-HMI-07,normal_flow,network_flow,,,239848.37973501778,,,,,,,Baseline east-west traffic,0
400,1,0,2026-07-13T04:26:00+00:00,SCADA-HMI-07,,SCADA-HMI-07,normal_flow,network_flow,,,310996.7516649477,,,,,,,Baseline east-west traffic,0
401,1,0,2026-07-13T08:21:00+00:00,SCADA-HMI-07,,SCADA-HMI-07,normal_flow,network_flow,,,288164.61579314276,,,,,,,Baseline east-west traffic,0
402,1,0,2026-07-13T12:00:00+00:00,SCADA-HMI-07,,SCADA-HMI-07,normal_flow,network_flow,,,233270.27380911302,,,,,,,Baseline east-west traffic,0
403,1,0,2026-07-13T16:18:00+00:00,SCADA-HMI-07,,SCADA-HMI-07,normal_flow,network_flow,,,239998.17148199753,,,,,,,Baseline east-west traffic,0
404,1,0,2026-07-13T20:37:00+00:00,SCADA-HMI-07,,SCADA-HMI-07,normal_flow,network_flow,,,184034.55624839058,,,,,,,Baseline east-west traffic,0
405,1,0,2026-07-14T00:31:00+00:00,SCADA-HMI-07,,SCADA-HMI-07,normal_flow,network_flow,,,275223.2498469615,,,,,,,Baseline east-west traffic,0
406,1,0,2026-07-14T04:30:00+00:00,SCADA-HMI-07,,SCADA-HMI-07,normal_flow,network_flow,,,221484.0992359355,,,,,,,Baseline east-west traffic,0
407,1,0,2026-07-14T08:22:00+00:00,SCADA-HMI-07,,SCADA-HMI-07,normal_flow,network_flow,,,220599.32228957952,,,,,,,Baseline east-west traffic,0
408,1,0,2026-07-14T12:24:00+00:00,SCADA-HMI-07,,SCADA-HMI-07,normal_flow,network_flow,,,301590.0900318677,,,,,,,Baseline east-west traffic,0
409,1,0,2026-07-14T16:29:00+00:00,SCADA-HMI-07,,SCADA-HMI-07,normal_flow,network_flow,,,314452.39929100475,,,,,,,Baseline east-west traffic,0
410,1,0,2026-07-14T20:15:00+00:00,SCADA-HMI-07,,SCADA-HMI-07,normal_flow,network_flow,,,221070.18850274934,,,,,,,Baseline east-west traffic,0
411,1,0,2026-07-10T17:03:00.824806+00:00,Workstation-22,,Workstation-22,normal_login,login_time,16.23,,,,,,,,,Normal shift login,0
412,1,0,2026-07-10T16:49:37.130277+00:00,Workstation-22,,Workstation-22,normal_login,login_time,16.04,,,,,,,,,Normal shift login,0
413,1,0,2026-07-10T18:06:18.820372+00:00,Workstation-22,,Workstation-22,normal_login,login_time,17.71,,,,,,,,,Normal shift login,0
414,1,0,2026-07-10T17:49:18.290407+00:00,Workstation-22,,Workstation-22,normal_login,login_time,16.99,,,,,,,,,Normal shift login,0
415,1,0,2026-07-10T10:31:43.183139+00:00,Workstation-22,,Workstation-22,normal_login,login_time,10.5,,,,,,,,,Normal shift login,0
416,1,0,2026-07-11T11:07:08.248140+00:00,Workstation-22,,Workstation-22,normal_login,login_time,10.5,,,,,,,,,Normal shift login,0
417,1,0,2026-07-11T16:20:10.921128+00:00,Workstation-22,,Workstation-22,normal_login,login_time,15.87,,,,,,,,,Normal shift login,0
418,1,0,2026-07-11T10:00:33.423913+00:00,Workstation-22,,Workstation-22,normal_login,login_time,9.53,,,,,,,,,Normal shift login,0
419,1,0,2026-07-11T09:09:20.797779+00:00,Workstation-22,,Workstation-22,normal_login,login_time,8.72,,,,,,,,,Normal shift login,0
420,1,0,2026-07-11T10:54:29.381694+00:00,Workstation-22,,Workstation-22,normal_login,login_time,10.07,,,,,,,,,Normal shift login,0
421,1,0,2026-07-12T15:04:18.820443+00:00,Workstation-22,,Workstation-22,normal_login,login_time,14.34,,,,,,,,,Normal shift login,0
422,1,0,2026-07-12T16:59:59.411949+00:00,Workstation-22,,Workstation-22,normal_login,login_time,16.65,,,,,,,,,Normal shift login,0
423,1,0,2026-07-12T17:37:14.902533+00:00,Workstation-22,,Workstation-22,normal_login,login_time,16.95,,,,,,,,,Normal shift login,0
424,1,0,2026-07-12T17:54:20.578863+00:00,Workstation-22,,Workstation-22,normal_login,login_time,17.87,,,,,,,,,Normal shift login,0
425,1,0,2026-07-12T09:57:05.172875+00:00,Workstation-22,,Workstation-22,normal_login,login_time,9.23,,,,,,,,,Normal shift login,0
426,1,0,2026-07-13T15:46:50.733323+00:00,Workstation-22,,Workstation-22,normal_login,login_time,15.0,,,,,,,,,Normal shift login,0
427,1,0,2026-07-13T09:32:02.297299+00:00,Workstation-22,,Workstation-22,normal_login,login_time,9.43,,,,,,,,,Normal shift login,0
428,1,0,2026-07-13T10:10:37.242786+00:00,Workstation-22,,Workstation-22,normal_login,login_time,9.44,,,,,,,,,Normal shift login,0
429,1,0,2026-07-13T14:56:12.326623+00:00,Workstation-22,,Workstation-22,normal_login,login_time,14.9,,,,,,,,,Normal shift login,0
430,1,0,2026-07-13T16:05:46.116475+00:00,Workstation-22,,Workstation-22,normal_login,login_time,15.8,,,,,,,,,Normal shift login,0
431,1,0,2026-07-14T15:31:29.427923+00:00,Workstation-22,,Workstation-22,normal_login,login_time,15.37,,,,,,,,,Normal shift login,0
432,1,0,2026-07-14T12:07:52.198745+00:00,Workstation-22,,Workstation-22,normal_login,login_time,11.53,,,,,,,,,Normal shift login,0
433,1,0,2026-07-14T10:15:11.941137+00:00,Workstation-22,,Workstation-22,normal_login,login_time,10.17,,,,,,,,,Normal shift login,0
434,1,0,2026-07-14T16:52:10.957327+00:00,Workstation-22,,Workstation-22,normal_login,login_time,16.62,,,,,,,,,Normal shift login,0
435,1,0,2026-07-14T18:03:46.184458+00:00,Workstation-22,,Workstation-22,normal_login,login_time,17.91,,,,,,,,,Normal shift login,0
436,1,0,2026-07-10T00:14:00+00:00,Workstation-22,,Workstation-22,normal_process,process_rarity,,vpnclient.exe,,,,,,,,Common process observed,0
437,1,0,2026-07-10T03:40:00+00:00,Workstation-22,,Workstation-22,normal_process,process_rarity,,chrome.exe,,,,,,,,Common process observed,0
438,1,0,2026-07-10T06:29:00+00:00,Workstation-22,,Workstation-22,normal_process,process_rarity,,chrome.exe,,,,,,,,Common process observed,0
439,1,0,2026-07-10T09:00:00+00:00,Workstation-22,,Workstation-22,normal_process,process_rarity,,vpnclient.exe,,,,,,,,Common process observed,0
440,1,0,2026-07-10T12:18:00+00:00,Workstation-22,,Workstation-22,normal_process,process_rarity,,teams.exe,,,,,,,,Common process observed,0
441,1,0,2026-07-10T15:04:00+00:00,Workstation-22,,Workstation-22,normal_process,process_rarity,,vpnclient.exe,,,,,,,,Common process observed,0
442,1,0,2026-07-10T18:22:00+00:00,Workstation-22,,Workstation-22,normal_process,process_rarity,,chrome.exe,,,,,,,,Common process observed,0
443,1,0,2026-07-10T21:40:00+00:00,Workstation-22,,Workstation-22,normal_process,process_rarity,,vpnclient.exe,,,,,,,,Common process observed,0
444,1,0,2026-07-11T00:16:00+00:00,Workstation-22,,Workstation-22,normal_process,process_rarity,,vpnclient.exe,,,,,,,,Common process observed,0
445,1,0,2026-07-11T03:19:00+00:00,Workstation-22,,Workstation-22,normal_process,process_rarity,,teams.exe,,,,,,,,Common process observed,0
446,1,0,2026-07-11T06:24:00+00:00,Workstation-22,,Workstation-22,normal_process,process_rarity,,vpnclient.exe,,,,,,,,Common process observed,0
447,1,0,2026-07-11T09:06:00+00:00,Workstation-22,,Workstation-22,normal_process,process_rarity,,teams.exe,,,,,,,,Common process observed,0
448,1,0,2026-07-11T12:24:00+00:00,Workstation-22,,Workstation-22,normal_process,process_rarity,,chrome.exe,,,,,,,,Common process observed,0
449,1,0,2026-07-11T15:36:00+00:00,Workstation-22,,Workstation-22,normal_process,process_rarity,,chrome.exe,,,,,,,,Common process observed,0
450,1,0,2026-07-11T18:18:00+00:00,Workstation-22,,Workstation-22,normal_process,process_rarity,,explorer.exe,,,,,,,,Common process observed,0
451,1,0,2026-07-11T21:25:00+00:00,Workstation-22,,Workstation-22,normal_process,process_rarity,,chrome.exe,,,,,,,,Common process observed,0
452,1,0,2026-07-12T00:00:00+00:00,Workstation-22,,Workstation-22,normal_process,process_rarity,,explorer.exe,,,,,,,,Common process observed,0
453,1,0,2026-07-12T03:38:00+00:00,Workstation-22,,Workstation-22,normal_process,process_rarity,,vpnclient.exe,,,,,,,,Common process observed,0
454,1,0,2026-07-12T06:18:00+00:00,Workstation-22,,Workstation-22,normal_process,process_rarity,,teams.exe,,,,,,,,Common process observed,0
455,1,0,2026-07-12T09:38:00+00:00,Workstation-22,,Workstation-22,normal_process,process_rarity,,chrome.exe,,,,,,,,Common process observed,0
456,1,0,2026-07-12T12:14:00+00:00,Workstation-22,,Workstation-22,normal_process,process_rarity,,teams.exe,,,,,,,,Common process observed,0
457,1,0,2026-07-12T15:39:00+00:00,Workstation-22,,Workstation-22,normal_process,process_rarity,,chrome.exe,,,,,,,,Common process observed,0
458,1,0,2026-07-12T18:08:00+00:00,Workstation-22,,Workstation-22,normal_process,process_rarity,,explorer.exe,,,,,,,,Common process observed,0
459,1,0,2026-07-12T21:40:00+00:00,Workstation-22,,Workstation-22,normal_process,process_rarity,,explorer.exe,,,,,,,,Common process observed,0
460,1,0,2026-07-13T00:19:00+00:00,Workstation-22,,Workstation-22,normal_process,process_rarity,,vpnclient.exe,,,,,,,,Common process observed,0
461,1,0,2026-07-13T03:02:00+00:00,Workstation-22,,Workstation-22,normal_process,process_rarity,,chrome.exe,,,,,,,,Common process observed,0
462,1,0,2026-07-13T06:08:00+00:00,Workstation-22,,Workstation-22,normal_process,process_rarity,,explorer.exe,,,,,,,,Common process observed,0
463,1,0,2026-07-13T09:18:00+00:00,Workstation-22,,Workstation-22,normal_process,process_rarity,,chrome.exe,,,,,,,,Common process observed,0
464,1,0,2026-07-13T12:26:00+00:00,Workstation-22,,Workstation-22,normal_process,process_rarity,,teams.exe,,,,,,,,Common process observed,0
465,1,0,2026-07-13T15:12:00+00:00,Workstation-22,,Workstation-22,normal_process,process_rarity,,teams.exe,,,,,,,,Common process observed,0
466,1,0,2026-07-13T18:34:00+00:00,Workstation-22,,Workstation-22,normal_process,process_rarity,,chrome.exe,,,,,,,,Common process observed,0
467,1,0,2026-07-13T21:33:00+00:00,Workstation-22,,Workstation-22,normal_process,process_rarity,,chrome.exe,,,,,,,,Common process observed,0
468,1,0,2026-07-14T00:10:00+00:00,Workstation-22,,Workstation-22,normal_process,process_rarity,,chrome.exe,,,,,,,,Common process observed,0
469,1,0,2026-07-14T03:30:00+00:00,Workstation-22,,Workstation-22,normal_process,process_rarity,,chrome.exe,,,,,,,,Common process observed,0
470,1,0,2026-07-14T06:21:00+00:00,Workstation-22,,Workstation-22,normal_process,process_rarity,,explorer.exe,,,,,,,,Common process observed,0
471,1,0,2026-07-14T09:29:00+00:00,Workstation-22,,Workstation-22,normal_process,process_rarity,,explorer.exe,,,,,,,,Common process observed,0
472,1,0,2026-07-14T12:09:00+00:00,Workstation-22,,Workstation-22,normal_process,process_rarity,,teams.exe,,,,,,,,Common process observed,0
473,1,0,2026-07-14T15:25:00+00:00,Workstation-22,,Workstation-22,normal_process,process_rarity,,chrome.exe,,,,,,,,Common process observed,0
474,1,0,2026-07-14T18:05:00+00:00,Workstation-22,,Workstation-22,normal_process,process_rarity,,vpnclient.exe,,,,,,,,Common process observed,0
475,1,0,2026-07-14T21:00:00+00:00,Workstation-22,,Workstation-22,normal_process,process_rarity,,chrome.exe,,,,,,,,Common process observed,0
476,1,0,2026-07-10T00:34:00+00:00,Workstation-22,,Workstation-22,normal_flow,network_flow,,,273942.32147748227,,,,,,,Baseline east-west traffic,0
477,1,0,2026-07-10T04:16:00+00:00,Workstation-22,,Workstation-22,normal_flow,network_flow,,,273521.43844491476,,,,,,,Baseline east-west traffic,0
478,1,0,2026-07-10T08:37:00+00:00,Workstation-22,,Workstation-22,normal_flow,network_flow,,,213381.74501578166,,,,,,,Baseline east-west traffic,0
479,1,0,2026-07-10T12:23:00+00:00,Workstation-22,,Workstation-22,normal_flow,network_flow,,,283945.48216989246,,,,,,,Baseline east-west traffic,0
480,1,0,2026-07-10T16:06:00+00:00,Workstation-22,,Workstation-22,normal_flow,network_flow,,,232019.50790132442,,,,,,,Baseline east-west traffic,0
481,1,0,2026-07-10T20:39:00+00:00,Workstation-22,,Workstation-22,normal_flow,network_flow,,,214800.7069359473,,,,,,,Baseline east-west traffic,0
482,1,0,2026-07-11T00:35:00+00:00,Workstation-22,,Workstation-22,normal_flow,network_flow,,,227387.5929379171,,,,,,,Baseline east-west traffic,0
483,1,0,2026-07-11T04:04:00+00:00,Workstation-22,,Workstation-22,normal_flow,network_flow,,,292380.84924267954,,,,,,,Baseline east-west traffic,0
484,1,0,2026-07-11T08:40:00+00:00,Workstation-22,,Workstation-22,normal_flow,network_flow,,,284328.5626720301,,,,,,,Baseline east-west traffic,0
485,1,0,2026-07-11T12:19:00+00:00,Workstation-22,,Workstation-22,normal_flow,network_flow,,,181411.34832723296,,,,,,,Baseline east-west traffic,0
486,1,0,2026-07-11T16:26:00+00:00,Workstation-22,,Workstation-22,normal_flow,network_flow,,,257923.6668250341,,,,,,,Baseline east-west traffic,0
487,1,0,2026-07-11T20:02:00+00:00,Workstation-22,,Workstation-22,normal_flow,network_flow,,,257135.33738205547,,,,,,,Baseline east-west traffic,0
488,1,0,2026-07-12T00:19:00+00:00,Workstation-22,,Workstation-22,normal_flow,network_flow,,,267384.3776560963,,,,,,,Baseline east-west traffic,0
489,1,0,2026-07-12T04:15:00+00:00,Workstation-22,,Workstation-22,normal_flow,network_flow,,,249555.05301139897,,,,,,,Baseline east-west traffic,0
490,1,0,2026-07-12T08:34:00+00:00,Workstation-22,,Workstation-22,normal_flow,network_flow,,,275328.98417112086,,,,,,,Baseline east-west traffic,0
491,1,0,2026-07-12T12:34:00+00:00,Workstation-22,,Workstation-22,normal_flow,network_flow,,,278972.8924733157,,,,,,,Baseline east-west traffic,0
492,1,0,2026-07-12T16:26:00+00:00,Workstation-22,,Workstation-22,normal_flow,network_flow,,,201910.00618926153,,,,,,,Baseline east-west traffic,0
493,1,0,2026-07-12T20:26:00+00:00,Workstation-22,,Workstation-22,normal_flow,network_flow,,,220596.72973562274,,,,,,,Baseline east-west traffic,0
494,1,0,2026-07-13T00:06:00+00:00,Workstation-22,,Workstation-22,normal_flow,network_flow,,,274295.4518376164,,,,,,,Baseline east-west traffic,0
495,1,0,2026-07-13T04:17:00+00:00,Workstation-22,,Workstation-22,normal_flow,network_flow,,,208137.85412692206,,,,,,,Baseline east-west traffic,0
496,1,0,2026-07-13T08:02:00+00:00,Workstation-22,,Workstation-22,normal_flow,network_flow,,,241021.73678224246,,,,,,,Baseline east-west traffic,0
497,1,0,2026-07-13T12:28:00+00:00,Workstation-22,,Workstation-22,normal_flow,network_flow,,,227206.1388904286,,,,,,,Baseline east-west traffic,0
498,1,0,2026-07-13T16:15:00+00:00,Workstation-22,,Workstation-22,normal_flow,network_flow,,,259849.4798772753,,,,,,,Baseline east-west traffic,0
499,1,0,2026-07-13T20:23:00+00:00,Workstation-22,,Workstation-22,normal_flow,network_flow,,,237376.02345236743,,,,,,,Baseline east-west traffic,0
500,1,0,2026-07-14T00:34:00+00:00,Workstation-22,,Workstation-22,normal_flow,network_flow,,,291055.14780654554,,,,,,,Baseline east-west traffic,0
501,1,0,2026-07-14T04:03:00+00:00,Workstation-22,,Workstation-22,normal_flow,network_flow,,,220835.09433049543,,,,,,,Baseline east-west traffic,0
502,1,0,2026-07-14T08:25:00+00:00,Workstation-22,,Workstation-22,normal_flow,network_flow,,,235118.35317515692,,,,,,,Baseline east-west traffic,0
503,1,0,2026-07-14T12:29:00+00:00,Workstation-22,,Workstation-22,normal_flow,network_flow,,,340704.8753838926,,,,,,,Baseline east-west traffic,0
504,1,0,2026-07-14T16:05:00+00:00,Workstation-22,,Workstation-22,normal_flow,network_flow,,,223870.7516974642,,,,,,,Baseline east-west traffic,0
505,1,0,2026-07-14T20:38:00+00:00,Workstation-22,,Workstation-22,normal_flow,network_flow,,,207198.88630503422,,,,,,,Baseline east-west traffic,0
506,1,0,2026-07-10T00:01:00+00:00,Workstation-22,,Workstation-22,normal_dns,dns_entropy,,,,corp.local,,,,,,Normal DNS lookup,0
507,1,0,2026-07-10T10:21:00+00:00,Workstation-22,,Workstation-22,normal_dns,dns_entropy,,,,gridwest.internal,,,,,,Normal DNS lookup,0
508,1,0,2026-07-10T20:08:00+00:00,Workstation-22,,Workstation-22,normal_dns,dns_entropy,,,,gridwest.internal,,,,,,Normal DNS lookup,0
509,1,0,2026-07-11T06:04:00+00:00,Workstation-22,,Workstation-22,normal_dns,dns_entropy,,,,gridwest.internal,,,,,,Normal DNS lookup,0
510,1,0,2026-07-11T16:37:00+00:00,Workstation-22,,Workstation-22,normal_dns,dns_entropy,,,,gridwest.internal,,,,,,Normal DNS lookup,0
511,1,0,2026-07-12T02:14:00+00:00,Workstation-22,,Workstation-22,normal_dns,dns_entropy,,,,vendor-updates.net,,,,,,Normal DNS lookup,0
512,1,0,2026-07-12T12:09:00+00:00,Workstation-22,,Workstation-22,normal_dns,dns_entropy,,,,corp.local,,,,,,Normal DNS lookup,0
513,1,0,2026-07-12T22:17:00+00:00,Workstation-22,,Workstation-22,normal_dns,dns_entropy,,,,gridwest.internal,,,,,,Normal DNS lookup,0
514,1,0,2026-07-13T08:08:00+00:00,Workstation-22,,Workstation-22,normal_dns,dns_entropy,,,,vendor-updates.net,,,,,,Normal DNS lookup,0
515,1,0,2026-07-13T18:11:00+00:00,Workstation-22,,Workstation-22,normal_dns,dns_entropy,,,,corp.local,,,,,,Normal DNS lookup,0
516,1,0,2026-07-10T00:00:00+00:00,SCADA-HMI-07,,SCADA-HMI-07,normal_setpoint_read,ot_setpoint,,,,,50.81,45,55,,,Normal SCADA setpoint,0
517,1,0,2026-07-10T06:00:00+00:00,SCADA-HMI-07,,SCADA-HMI-07,normal_setpoint_read,ot_setpoint,,,,,47.63,45,55,,,Normal SCADA setpoint,0
518,1,0,2026-07-10T12:00:00+00:00,SCADA-HMI-07,,SCADA-HMI-07,normal_setpoint_read,ot_setpoint,,,,,47.57,45,55,,,Normal SCADA setpoint,0
519,1,0,2026-07-10T18:00:00+00:00,SCADA-HMI-07,,SCADA-HMI-07,normal_setpoint_read,ot_setpoint,,,,,51.45,45,55,,,Normal SCADA setpoint,0
520,1,0,2026-07-11T00:00:00+00:00,SCADA-HMI-07,,SCADA-HMI-07,normal_setpoint_read,ot_setpoint,,,,,48.69,45,55,,,Normal SCADA setpoint,0
521,1,0,2026-07-11T06:00:00+00:00,SCADA-HMI-07,,SCADA-HMI-07,normal_setpoint_read,ot_setpoint,,,,,49.12,45,55,,,Normal SCADA setpoint,0
522,1,0,2026-07-11T12:00:00+00:00,SCADA-HMI-07,,SCADA-HMI-07,normal_setpoint_read,ot_setpoint,,,,,48.37,45,55,,,Normal SCADA setpoint,0
523,1,0,2026-07-11T18:00:00+00:00,SCADA-HMI-07,,SCADA-HMI-07,normal_setpoint_read,ot_setpoint,,,,,47.76,45,55,,,Normal SCADA setpoint,0
524,1,0,2026-07-12T00:00:00+00:00,SCADA-HMI-07,,SCADA-HMI-07,normal_setpoint_read,ot_setpoint,,,,,51.21,45,55,,,Normal SCADA setpoint,0
525,1,0,2026-07-12T06:00:00+00:00,SCADA-HMI-07,,SCADA-HMI-07,normal_setpoint_read,ot_setpoint,,,,,50.13,45,55,,,Normal SCADA setpoint,0
526,1,0,2026-07-12T12:00:00+00:00,SCADA-HMI-07,,SCADA-HMI-07,normal_setpoint_read,ot_setpoint,,,,,51.23,45,55,,,Normal SCADA setpoint,0
527,1,0,2026-07-12T18:00:00+00:00,SCADA-HMI-07,,SCADA-HMI-07,normal_setpoint_read,ot_setpoint,,,,,49.88,45,55,,,Normal SCADA setpoint,0
528,1,0,2026-07-13T00:00:00+00:00,SCADA-HMI-07,,SCADA-HMI-07,normal_setpoint_read,ot_setpoint,,,,,51.39,45,55,,,Normal SCADA setpoint,0
529,1,0,2026-07-13T06:00:00+00:00,SCADA-HMI-07,,SCADA-HMI-07,normal_setpoint_read,ot_setpoint,,,,,50.07,45,55,,,Normal SCADA setpoint,0
530,1,0,2026-07-13T12:00:00+00:00,SCADA-HMI-07,,SCADA-HMI-07,normal_setpoint_read,ot_setpoint,,,,,48.05,45,55,,,Normal SCADA setpoint,0
531,1,0,2026-07-13T18:00:00+00:00,SCADA-HMI-07,,SCADA-HMI-07,normal_setpoint_read,ot_setpoint,,,,,50.02,45,55,,,Normal SCADA setpoint,0
532,1,0,2026-07-14T00:00:00+00:00,SCADA-HMI-07,,SCADA-HMI-07,normal_setpoint_read,ot_setpoint,,,,,52.23,45,55,,,Normal SCADA setpoint,0
533,1,0,2026-07-14T06:00:00+00:00,SCADA-HMI-07,,SCADA-HMI-07,normal_setpoint_read,ot_setpoint,,,,,47.72,45,55,,,Normal SCADA setpoint,0
534,1,0,2026-07-14T12:00:00+00:00,SCADA-HMI-07,,SCADA-HMI-07,normal_setpoint_read,ot_setpoint,,,,,51.42,45,55,,,Normal SCADA setpoint,0
535,1,0,2026-07-14T18:00:00+00:00,SCADA-HMI-07,,SCADA-HMI-07,normal_setpoint_read,ot_setpoint,,,,,51.83,45,55,,,Normal SCADA setpoint,0
536,0,1,2026-07-15T03:00:00+00:00,AuthServer-03,external,AuthServer-03,stolen_credential_login,login_time,3.15,,,,,,,T1003.001,credential-access,Stolen credential used against AuthServer-03 outside baseline hours,1
537,0,1,2026-07-15T03:02:00+00:00,AuthServer-03,AuthServer-03,AuthServer-03,credential_dump_process,process_rarity,,mimikatz.exe,,,,,,T1003.001,credential-access,Credential dumping tool executes on AuthServer-03,1
538,0,1,2026-07-15T03:03:00+00:00,AuthServer-03,external,AuthServer-03,credential_reuse_network_spike,network_flow,,,1850000,,,,,T1003.001,credential-access,Credential abuse causes an abnormal AuthServer-03 network spike,1
539,0,1,2026-07-15T03:04:00+00:00,AuthServer-03,external,AuthServer-03,credential_c2_dns,dns_entropy,,,,az9xkq-auth-sync-control.net,,,,T1003.001,credential-access,High-entropy DNS callback follows the stolen credential use,1
540,0,2,2026-07-15T03:09:00+00:00,API-Gateway-01,AuthServer-03,API-Gateway-01,lateral_movement_flow,network_flow,,,1900000,,,,,T1021,lateral-movement,Stolen credential reused for lateral movement into API Gateway,1
541,0,2,2026-07-15T03:10:00+00:00,API-Gateway-01,AuthServer-03,API-Gateway-01,rare_gateway_process,process_rarity,,psexec.exe,,,,,,T1021.002,lateral-movement,Remote service execution appears on API Gateway,1
542,0,3,2026-07-15T03:18:00+00:00,Historian-01,API-Gateway-01,Historian-01,it_ot_bridge_pivot,network_flow,,,2800000,,,,,T1021,lateral-movement,API Gateway pivots across the IT/OT bridge to Historian,1
543,0,3,2026-07-15T03:19:00+00:00,Historian-01,API-Gateway-01,Historian-01,dga_callback,dns_entropy,,,,xj92kq8zzp1a-control-sync.net,,,,T1021,lateral-movement,High-entropy callback domain from Historian,1
544,0,4,2026-07-15T03:29:00+00:00,SCADA-HMI-07,Historian-01,SCADA-HMI-07,ot_setpoint_drift,ot_setpoint,,,,,72,45,55,T0831,impact,SCADA-HMI-07 receives an out-of-band setpoint drift command,1
545,0,4,2026-07-15T03:30:00+00:00,SCADA-HMI-07,Historian-01,SCADA-HMI-07,ot_protocol_spike,network_flow,,,1700000,,,,,T0831,impact,OT protocol traffic spike follows the setpoint drift,1
